word,phonetic,meaning,meaning_full,unit,theme,root,parts,memory,related,example_en,example_zh
radiat,/ˈreɪdieɪt/,词根：光线；辐射；向外发散,词根：光线；辐射；向外发散,Unit 01 核心词根,自然与科学,radi,radi 光线|-at 动作倾向,把一束光从中心向四周射出去，所有带 radi 的词都像从同一颗恒星发出光。,radiate|radiation|radial|radius,The sun can radiate light and heat.,太阳可以辐射光和热。
radiate,/ˈreɪdieɪt/,v. 发出；辐射；流露；传播,v. 发出；辐射；流露；传播,Unit 01 必考词,自然与科学,radi,radi 光线|-ate 动词后缀,太阳把光radiate到四面八方，人也可以radiate confidence。,radiat|radiation|emit|spread,She can radiate happiness to everyone around her.,她能把快乐传递给身边的每一个人。
radiation,/ˌreɪdiˈeɪʃn/,n. 辐射；放射线,n. 辐射；放射线,Unit 01 必考词,自然与科学,radi,radi 光线|-ation 名词后缀,医院放射科、太阳光、核能都在提醒你 radiation 是能量向外传播。,radiat|radiate|nuclear,Too much radiation is harmful to our health.,过多的辐射对我们的健康有害。
radiant,/ˈreɪdiənt/,adj. 光芒四射的；辐射的；容光焕发的,adj. 光芒四射的；辐射的；容光焕发的,Unit 01 必考词,自然与科学,radi,radi 光线|-ant 形容词后缀,radiate的形容词，像恒星一样发光的，也可以形容人笑容灿烂、容光焕发。,radiate|radiation|bright|luminous,She looked radiant in her new dress.,她穿着新裙子，看起来容光焕发。
radical,/ˈrædɪkl/,adj. 根本的；彻底的；激进的 n. 词根；基础,adj. 根本的；彻底的；激进的 n. 词根；基础,Unit 01 必考词,抽象,rad,rad 根|-ical 形容词后缀,从词根rad（根）延伸，根本的、彻底的，也指激进的思想，考研阅读高频词。,root|basic|fundamental|extreme,We need to make radical changes to our plan.,我们需要对计划做出彻底的改变。
observe,/əbˈzɜːrv/,v. 观察；注意到；遵守；庆祝,v. 观察；注意到；遵守；庆祝,Unit 01 必考词,自我,serv,ob-加强|serv 看|-e 动词后缀,ob-加强+serv看，盯着看→观察，也指遵守规则、庆祝节日，考研核心多义词。,observation|notice|watch|comply,We should observe the traffic rules.,我们应该遵守交通规则。
observation,/ˌɑːbzərˈveɪʃn/,n. 观察；注意；观察力；评论,n. 观察；注意；观察力；评论,Unit 01 必考词,自我,serv,ob-加强|serv 看|-ation 名词后缀,observe的名词形式，观察的动作或结果，考研阅读高频词。,observe|notice|perception|comment,His observation of the problem is very accurate.,他对这个问题的观察非常准确。
obscure,/əbˈskjʊr/,adj. 昏暗的；模糊的；晦涩的 v. 使模糊；掩盖,adj. 昏暗的；模糊的；晦涩的 v. 使模糊；掩盖,Unit 01 必考词,自然与科学,scur,ob-加强|scur 覆盖|-e 动词/形容词后缀,scur是覆盖，ob加强，全部盖住→昏暗的、模糊的，也指晦涩难懂的内容。,dark|vague|unclear|cover,The fog obscured the view of the mountains.,大雾模糊了群山的景色。
oblige,/əˈblaɪdʒ/,v. 迫使；使感激；施恩惠于,v. 迫使；使感激；施恩惠于,Unit 01 必考词,社会,lig,ob-加强|lig 绑|-e 动词后缀,lig是绑，ob加强，绑住你→迫使，也指施恩让人感激，考研高频搭配oblige sb to do sth。,obligation|force|compel|thank,The law obliges parents to send their children to school.,法律强制父母送孩子上学。
obligation,/ˌɑːblɪˈɡeɪʃn/,n. 义务；责任；职责,n. 义务；责任；职责,Unit 01 必考词,社会,lig,ob-加强|lig 绑|-ation 名词后缀,oblige的名词，绑在你身上的东西→义务、责任，考研核心词。,oblige|duty|responsibility|liability,It is our obligation to protect the environment.,保护环境是我们的义务。
object,/ˈɑːbdʒɪkt/ n. /əbˈdʒekt/ v.,n. 物体；实物；目标；宾语 v. 反对；拒绝,n. 物体；实物；目标；宾语 v. 反对；拒绝,Unit 01 必考词,抽象,ject,ob-加强|ject 扔|-t 名词/动词后缀,ject是扔，ob加强，扔到你面前的东西→物体、目标，也指扔回去→反对，考研核心多义词。,objection|objective|thing|target|oppose,Many people object to the new policy.,很多人反对这项新政策。
objection,/əbˈdʒekʃn/,n. 反对；异议；反对的理由,n. 反对；异议；反对的理由,Unit 01 必考词,抽象,ject,ob-加强|ject 扔|-ion 名词后缀,object的名词，反对的动作或理由，考研高频搭配objection to sth。,object|opposition|protest|disagreement,He raised an objection to the plan at the meeting.,他在会上对这个计划提出了异议。
objective,/əbˈdʒektɪv/,adj. 客观的；真实的 n. 目标；目的,adj. 客观的；真实的 n. 目标；目的,Unit 01 必考词,抽象,ject,ob-加强|ject 扔|-ive 形容词/名词后缀,object的形容词，基于物体的、真实的→客观的，也指目标，考研核心词。,object|target|goal|unbiased,We should look at the problem from an objective point of view.,我们应该从客观的角度看待这个问题。
identity,/aɪˈdentəti/,n. 身份；本身；本体；同一性,n. 身份；本身；本体；同一性,Unit 01 必考词,自我,ident,ident 相同|-ity 名词后缀,ident是相同，-ity名词，和自己相同的东西→身份、本体，考研核心词。,identify|identification|identical|self,He is trying to find his true identity in life.,他在努力寻找自己人生中真正的身份。
identify,/aɪˈdentɪfaɪ/,v. 识别；认出；确认；认同,v. 识别；认出；确认；认同,Unit 01 必考词,自我,ident,ident 相同|-ify 动词后缀,ident相同，-ify使动，使和自己相同→识别、认出，也指认同，考研高频搭配identify with sb。,identity|identification|recognize|confirm,She can identify the criminal from the photo.,她能从照片中认出罪犯。
identification,/aɪˌdentɪfɪˈkeɪʃn/,n. 识别；确认；身份证明；认同,n. 识别；确认；身份证明；认同,Unit 01 必考词,自我,ident,ident 相同|-ification 名词后缀,identify的名词，识别的动作或结果，也指身份证明，考研高频词。,identify|identity|recognize|ID,You need to show your identification to enter the building.,你需要出示身份证明才能进入这栋楼。
identical,/aɪˈdentɪkl/,adj. 完全相同的；同一的,adj. 完全相同的；同一的,Unit 01 必考词,抽象,ident,ident 相同|-ical 形容词后缀,ident相同，-ical形容词，完全相同的，考研高频搭配identical to/with sth。,identity|identify|same|equal,These two dresses are almost identical in style.,这两条裙子在款式上几乎完全一样。
ideal,/aɪˈdɪəl/,adj. 理想的；完美的；空想的 n. 理想；典范,adj. 理想的；完美的；空想的 n. 理想；典范,Unit 01 必考词,抽象,ide,ide 思想|-al 形容词/名词后缀,ide是思想，-al后缀，思想里的完美状态→理想的、理想，考研核心词。,ideology|perfect|model|dream,This is the ideal place for our summer vacation.,这是我们暑假的理想去处。
ideology,/ˌaɪdiˈɑːlədʒi/,n. 思想体系；意识形态；观念学,n. 思想体系；意识形态；观念学,Unit 01 必考词,抽象,ide,ide 思想|-ology 学科后缀,ide思想，-ology学科，思想的体系→意识形态，考研阅读高频词。,ideal|idea|philosophy|belief,Different people have different ideologies about life.,不同的人对生活有不同的思想观念。
judge,/dʒʌdʒ/,v. 判断；评判；审判 n. 法官；裁判员,v. 判断；评判；审判 n. 法官；裁判员,Unit 01 必考词,社会,jud,jud 评判|-e 动词/名词后缀,jud是评判，-e后缀，判断、审判的动作或人，考研核心多义词。,judgement|judicial|jury|justice,We should not judge a person by his appearance.,我们不应该以貌取人。
judgement,/ˈdʒʌdʒmənt/,n. 判断；判断力；看法；判决,n. 判断；判断力；看法；判决,Unit 01 必考词,社会,jud,jud 评判|-ment 名词后缀,judge的名词，判断的动作或结果，也指判决，考研高频词。,judge|judicial|decision|opinion,Her judgement of the situation is very good.,她对局势的判断力非常强。
judicial,/dʒuˈdɪʃl/,adj. 司法的；法庭的；公正的,adj. 司法的；法庭的；公正的,Unit 01 必考词,社会,jud,jud 评判|-icial 形容词后缀,jud评判，-icial形容词，和评判、法庭相关的→司法的，考研高频词。,judge|jury|justice|legal,The judicial system plays an important role in society.,司法体系在社会中扮演着重要的角色。
jury,/ˈdʒʊri/,n. 陪审团；评判委员会,n. 陪审团；评判委员会,Unit 01 必考词,社会,jur,jur 发誓|-y 名词后缀,jur是发誓，-y名词，发誓要公正评判的人→陪审团，考研高频词。,judge|judicial|justice|trial,The jury found the man not guilty.,陪审团判定这个人无罪。
jurisdiction,/ˌdʒʊrɪsˈdɪkʃn/,n. 司法权；管辖权；管辖范围,n. 司法权；管辖权；管辖范围,Unit 01 必考词,社会,jur,jur 发誓|dict 说|-ion 名词后缀,jur发誓+dict说，发誓来说话的权力→司法权、管辖权，考研高频词。,jury|judge|justice|authority,This court has no jurisdiction over this case.,这个法院对这个案件没有管辖权。
justice,/ˈdʒʌstɪs/,n. 公平；公正；正义；司法,n. 公平；公正；正义；司法,Unit 01 必考词,社会,just,just 公正|-ice 名词后缀,just公正，-ice名词，公正的状态→公平、正义，考研核心词。,judge|jury|fairness|equity,We should all fight for justice and equality.,我们都应该为正义和平等而战。
law,/lɔː/,n. 法律；法规；定律；规律,n. 法律；法规；定律；规律,Unit 01 必考词,社会,law,law 法律,最基础的法律相关词，考研高频多义词，也指自然规律。,lawsuit|legal|justice|rule,Everyone must obey the law of the country.,每个人都必须遵守国家的法律。
lawsuit,/ˈlɔːsuːt/,n. 诉讼；官司,n. 诉讼；官司,Unit 01 必考词,社会,law,law 法律|suit 诉讼,law法律+suit诉讼，打官司的动作→诉讼、官司，考研高频词。,law|sue|trial|case,He filed a lawsuit against the company.,他对这家公司提起了诉讼。
latter,/ˈlætər/,adj. 后者的；后半的；较后的,adj. 后者的；后半的；较后的,Unit 01 必考词,抽象,lat,lat 带|-er 比较级后缀,lat是带，-er比较级，带在后面的→后者的，考研高频搭配the latter。,later|last|second|following,Of the two plans, I prefer the latter one.,在这两个计划中，我更喜欢后者。
lateral,/ˈlætərəl/,adj. 侧面的；横向的；平级的,adj. 侧面的；横向的；平级的,Unit 01 必考词,自然与科学,lat,lat 带|-eral 形容词后缀,lat是带，-eral形容词，带到侧面的→侧面的、横向的，考研高频词。,side|horizontal|parallel|flank,The plant has small lateral branches on its stem.,这种植物的茎上有细小的侧枝。
largely,/ˈlɑːrdʒli/,adv. 大部分；主要地；很大程度上,adv. 大部分；主要地；很大程度上,Unit 01 必考词,抽象,larg,larg 大|-ly 副词后缀,larg大，-ly副词，很大程度上→大部分、主要地，考研高频副词。,large|mostly|mainly|greatly,His success is largely due to his hard work.,他的成功很大程度上归功于他的努力。
lag,/læɡ/,v. 落后；滞后；延迟 n. 滞后；延迟,v. 落后；滞后；延迟 n. 滞后；延迟,Unit 01 必考词,抽象,lag,lag 拖,拖在后面→落后、滞后，考研高频搭配lag behind。,delay|fall behind|slow|trail,If you don't study hard, you will lag behind your classmates.,如果你不努力学习，就会落后于你的同学。
label,/ˈleɪbl/,n. 标签；标记；称号 v. 贴标签；把…称为,n. 标签；标记；称号 v. 贴标签；把…称为,Unit 01 必考词,抽象,lab,lab 唇|-el 名词/动词后缀,lab是唇，-el后缀，用嘴唇说出来的标记→标签，也指贴标签，考研高频词。,tag|mark|name|brand,Please put a label on your luggage before you travel.,旅行前请在你的行李上贴个标签。
justify,/ˈdʒʌstɪfaɪ/,v. 证明…正当；为…辩护；使合理,v. 证明…正当；为…辩护；使合理,Unit 01 必考词,社会,just,just 公正|-ify 动词后缀,just公正，-ify使动，使变得公正→证明正当、为…辩护，考研核心词。,just|justice|defend|warrant,He tried to justify his late arrival for the meeting.,他试图为自己开会迟到找正当理由。
magnificent,/mæɡˈnɪfɪsnt/,adj. 壮丽的；宏伟的；华丽的；极好的,adj. 壮丽的；宏伟的；华丽的；极好的,Unit 01 必考词,自然与科学,magn,magn 大|-ificent 形容词后缀,magn是大，-ificent形容词，大的、壮观的→壮丽的、宏伟的，考研高频词。,magnify|magnitude|grand|splendid,We saw a magnificent view of the mountains from the top of the hill.,我们从山顶看到了壮丽的山景。
magnify,/ˈmæɡnɪfaɪ/,v. 放大；扩大；夸大；增强,v. 放大；扩大；夸大；增强,Unit 01 必考词,自然与科学,magn,magn 大|-ify 动词后缀,magn大，-ify使动，使变大→放大、扩大，也指夸大，考研高频词。,magnificent|magnitude|enlarge|exaggerate,This microscope can magnify the object 100 times.,这台显微镜可以把物体放大100倍。
magnitude,/ˈmæɡnɪtuːd/,n. 大小；量级；重要性；地震震级,n. 大小；量级；重要性；地震震级,Unit 01 必考词,自然与科学,magn,magn 大|-itude 名词后缀,magn大，-itude名词，大的程度→大小、量级、重要性，考研高频词。,magnify|magnificent|size|importance,We did not realize the magnitude of the problem at first.,一开始我们没有意识到这个问题的重要性。
maintain,/meɪnˈteɪn/,v. 维持；保持；维修；保养；坚持,v. 维持；保持；维修；保养；坚持,Unit 01 必考词,自我,tain,main-手|tain 拿|- 动词后缀,main手+tain拿，用手一直拿着→维持、保持，也指维修、坚持，考研核心词。,maintenance|keep|preserve|insist,It is important to maintain a healthy lifestyle.,保持健康的生活方式很重要。
maintenance,/ˈmeɪntənəns/,n. 维持；保持；维修；保养,n. 维持；保持；维修；保养,Unit 01 必考词,自我,tain,main-手|tain 拿|-ance 名词后缀,maintain的名词，维持、维修的动作或结果，考研高频词。,maintain|keep|preserve|repair,The car needs regular maintenance to run well.,这辆车需要定期保养才能正常运行。
major,/ˈmeɪdʒər/,adj. 主要的；重要的；大的 n. 专业；少校 v. 主修,adj. 主要的；重要的；大的 n. 专业；少校 v. 主修,Unit 01 必考词,抽象,maj,maj 大|-or 形容词/名词后缀,maj大，-or后缀，大的、重要的→主要的，也指专业、主修，考研核心多义词。,majority|main|chief|primary,She is a history major at the university.,她是这所大学历史专业的学生。
majority,/məˈdʒɔːrəti/,n. 大多数；大部分；多数票,n. 大多数；大部分；多数票,Unit 01 必考词,抽象,maj,maj 大|-ority 名词后缀,major的名词，大的部分→大多数、大部分，考研高频词。,major|most|bulk|plurality,The majority of students in our class are girls.,我们班大多数学生是女生。
make,/meɪk/,v. 做；制造；使；让；获得；形成,v. 做；制造；使；让；获得；形成,Unit 01 必考词,自我,mak,mak 做|-e 动词后缀,最基础的核心动词，考研高频多义词，搭配极多，需重点掌握。,do|create|form|get,My mother makes delicious cakes for us every weekend.,我妈妈每个周末都给我们做美味的蛋糕。
theme,/θiːm/,n. 主题；题目；主旋律,n. 主题；题目；主旋律,Unit 01 必考词,抽象,them,them 放|-e 名词后缀,them是放，-e后缀，放出来的核心内容→主题、题目，考研高频词。,topic|subject|title|motif,The theme of this book is love and peace.,这本书的主题是爱与和平。
theory,/ˈθɪəri/,n. 理论；原理；学说；看法,n. 理论；原理；学说；看法,Unit 01 必考词,抽象,the,the 看|-ory 名词后缀,the是看，-ory名词，看到的规律→理论、原理，考研核心词。,theoretical|principle|law|idea,We need to combine theory with practice in our study.,我们在学习中需要理论联系实际。
theoretical,/ˌθiːəˈretɪkl/,adj. 理论的；理论上的；假设的,adj. 理论的；理论上的；假设的,Unit 01 必考词,抽象,the,the 看|-oretical 形容词后缀,theory的形容词，和理论相关的→理论的，考研高频词。,theory|principle|academic|hypothetical,She has a good theoretical knowledge of physics.,她有扎实的物理学理论知识。
therapy,/ˈθerəpi/,n. 治疗；疗法；心理治疗,n. 治疗；疗法；心理治疗,Unit 01 必考词,自我,ther,ther 热|-apy 名词后缀,ther是热，-apy名词，用热来治疗→治疗、疗法，考研高频词。,treat|treatment|cure|heal,He is receiving physical therapy for his leg injury.,他正在为腿伤接受物理治疗。
saving,/ˈseɪvɪŋ/,n. 节省；节约；储蓄金；存款,n. 节省；节约；储蓄金；存款,Unit 01 必考词,社会,sav,sav 救|-ing 名词后缀,sav是救，-ing名词，救下来的东西→节省、储蓄，考研高频词。,save|economy|deposit|reserve,She has a large saving in the bank for her future.,她在银行里有一大笔存款，为将来做准备。
scale,/skeɪl/,n. 规模；范围；等级；刻度；天平 v. 攀登；缩放,n. 规模；范围；等级；刻度；天平 v. 攀登；缩放,Unit 01 必考词,抽象,scal,scal 爬|-e 名词/动词后缀,scal是爬，-e后缀，爬的高度→等级、刻度，也指规模、攀登，考研核心多义词。,size|scope|range|climb,We are planning to expand the business on a large scale.,我们正计划大规模拓展业务。
scene,/siːn/,n. 场景；情景；场面；风景；镜头,n. 场景；情景；场面；风景；镜头,Unit 01 必考词,自然与科学,scen,scen 看|-e 名词后缀,scen是看，-e后缀，看到的东西→场景、风景、镜头，考研高频词。,scenery|view|landscape|picture,We saw a beautiful scene of the lake at sunset.,我们看到了日落时分湖边的美景。
scenery,/ˈsiːnəri/,n. 风景；景色；舞台布景,n. 风景；景色；舞台布景,Unit 01 必考词,自然与科学,scen,scen 看|-ery 名词后缀,scene的名词，看到的自然风景→景色、风景，考研高频词。,scene|view|landscape|nature,The scenery along the road is very beautiful.,沿途的风景非常美。
pace,/peɪs/,n. 步速；速度；节奏 v. 踱步；缓慢走,n. 步速；速度；节奏 v. 踱步；缓慢走,Unit 01 必考词,自我,pac,pac 平|-e 名词/动词后缀,pac是平，-e后缀，平稳的脚步→步速、节奏，也指踱步，考研高频词。,speed|rate|rhythm|walk,He walked at a slow pace along the river.,他沿着河边慢慢地走着。
panel,/ˈpænl/,n. 面板；仪表盘；专家小组；陪审团,n. 面板；仪表盘；专家小组；陪审团,Unit 01 必考词,社会,pan,pan 平|-el 名词后缀,pan是平，-el后缀，平的板子→面板，也指专家小组，考研高频多义词。,board|committee|jury|dashboard,The control panel of the machine is very easy to use.,这台机器的控制面板非常容易操作。
panorama,/ˌpænəˈræmə/,n. 全景；全景图；全貌,n. 全景；全景图；全貌,Unit 01 必考词,自然与科学,pan,pan 全|orama 看,pan全+orama看，全部都能看到→全景、全貌，考研高频词。,pan|scene|scenery|landscape,We had a wonderful panorama of the city from the tower.,我们从塔上看到了城市的绝美全景。
prove,/pruːv/,v. 证明；证实；证明是；显示出,v. 证明；证实；证明是；显示出,Unit 01 必考词,抽象,prov,prov 测试|-e 动词后缀,prov是测试，-e后缀，测试出来是真的→证明、证实，考研核心词。,proof|confirm|verify|show,He tried to prove that he was right about the problem.,他努力证明自己在这个问题上是对的。
provide,/prəˈvaɪd/,v. 提供；供应；给予；规定,v. 提供；供应；给予；规定,Unit 01 必考词,社会,vid,pro-提前|vid 看|-e 动词后缀,pro提前+vid看，提前看到需要的东西→提供、供应，考研核心词，高频搭配provide sb with sth。,supply|give|offer|provide for,The school provides us with all the books we need.,学校为我们提供了所有需要的书籍。
savage,/ˈsævɪdʒ/,adj. 野蛮的；凶残的；荒凉的 n. 野蛮人；未开化的人,adj. 野蛮的；凶残的；荒凉的 n. 野蛮人；未开化的人,Unit 01 必考词,社会,sav,sav 森林|-age 名词/形容词后缀,sav是森林，-age后缀，森林里的人→野蛮的、野蛮人，考研高频词。,wild|barbaric|fierce|uncivilized,The savage beast attacked the villagers in the mountain.,野兽袭击了山里的村民。
safety,/ˈseɪfti/,n. 安全；平安；安全设施,n. 安全；平安；安全设施,Unit 01 必考词,自我,saf,saf 安全|-ty 名词后缀,saf安全，-ty名词，安全的状态→安全、平安，考研高频词。,safe|security|protection|safeguard,We should pay more attention to road safety when we drive.,开车时我们应该更加注意道路安全。
safeguard,/ˈseɪfɡɑːrd/,v. 保护；保卫；维护 n. 保护措施；安全装置,v. 保护；保卫；维护 n. 保护措施；安全装置,Unit 01 必考词,自我,saf,saf 安全|guard 保卫,saf安全+guard保卫，保护安全的动作或东西→保护、安全措施，考研高频词。,safety|protect|defend|guard,We need to safeguard our personal information online.,我们需要在网上保护好自己的个人信息。
quality,/ˈkwɑːləti/,n. 质量；品质；特性；才能,n. 质量；品质；特性；才能,Unit 01 必考词,抽象,qual,qual 种类|-ity 名词后缀,qual种类，-ity名词，某一种类的特性→质量、品质，考研核心词。,qualitative|feature|characteristic|property,The quality of this product is much better than that one.,这个产品的质量比那个好得多。
qualitative,/ˈkwɑːlɪteɪtɪv/,adj. 质量的；定性的；性质的,adj. 质量的；定性的；性质的,Unit 01 必考词,抽象,qual,qual 种类|-itative 形容词后缀,quality的形容词，和质量、性质相关的→定性的，考研高频词。,quality|feature|characteristic|property,We did a qualitative analysis of the data we collected.,我们对收集到的数据做了定性分析。
qualification,/ˌkwɑːlɪfɪˈkeɪʃn/,n. 资格；学历；资历；限定条件,n. 资格；学历；资历；限定条件,Unit 01 必考词,社会,qual,qual 种类|-ification 名词后缀,qualify的名词，有资格的状态→资格、学历、资历，考研高频词。,qualify|quality|certificate|credential,He has all the qualifications for this job.,他具备这份工作的所有资格条件。
obtain,/əbˈteɪn/,v. 获得；得到；存在；流行,v. 获得；得到；存在；流行,Unit 01 必考词,自我,tain,ob-加强|tain 拿|- 动词后缀,ob加强+tain拿，拿到手→获得、得到，考研核心词，高频搭配obtain sth from sb。,get|gain|acquire|receive,You can obtain a lot of knowledge from reading books.,你可以从读书中获得很多知识。
obvious,/ˈɑːbviəs/,adj. 明显的；显而易见的；平淡无奇的,adj. 明显的；显而易见的；平淡无奇的,Unit 01 必考词,抽象,vi,ob-加强|vi 路|-ous 形容词后缀,ob加强+vi路，都在路上了→明显的、显而易见的，考研高频词。,clear|evident|apparent|plain,It is obvious that he is lying to us about this matter.,很明显，他在这件事上对我们撒谎了。
mediate,/ˈmiːdieɪt/,v. 调解；调停；斡旋；居中促成,v. 调解；调停；斡旋；居中促成,Unit 02 必考词,社会,medi,medi 中间|-ate 动词后缀,medi是中间，-ate动词，在中间做事→调解、调停，考研高频搭配mediate between A and B。,mediation|reconcile|negotiate|intervene,The company tried to mediate the dispute between the two departments.,公司试图调解两个部门之间的纠纷。
mediation,/ˌmiːdiˈeɪʃn/,n. 调解；调停；斡旋,n. 调解；调停；斡旋,Unit 02 必考词,社会,medi,medi 中间|-ation 名词后缀,mediate的名词，调解、调停的动作或过程，考研高频词。,mediate|reconciliation|negotiation|intervention,The dispute was finally settled through mediation.,这场纠纷最终通过调解解决了。
medium,/ˈmiːdiəm/,adj. 中等的；适中的 n. 媒介；手段；方法；媒体,adj. 中等的；适中的 n. 媒介；手段；方法；媒体,Unit 02 必考词,抽象,medi,medi 中间|-um 名词/形容词后缀,medi是中间，-um后缀，中间的东西→中等的、媒介，考研核心多义词。,media|average|middle|means,We can communicate with each other through various media.,我们可以通过各种媒介互相交流。
media,/ˈmiːdiə/,n. 媒体；媒介；新闻传媒,n. 媒体；媒介；新闻传媒,Unit 02 必考词,社会,medi,medi 中间|-a 名词后缀,medium的复数形式，特指新闻媒体、传媒，考研高频词。,medium|press|journalism|broadcast,The media plays an important role in shaping public opinion.,媒体在塑造公众舆论方面扮演着重要角色。
elaborate,/ɪˈlæbərət/ adj. /ɪˈlæbəreɪt/ v.,adj. 详尽的；复杂的；精心制作的 v. 详细说明；精心制作,adj. 详尽的；复杂的；精心制作的 v. 详细说明；精心制作,Unit 02 必考词,抽象,labor,e-加强|labor 劳动|-ate 形容词/动词后缀,labor是劳动，e加强，付出大量劳动的→精心制作的、详尽的，也指详细说明，考研核心多义词。,detailed|complex|refine|explain,She gave an elaborate explanation of her research findings.,她对自己的研究结果做了详尽的解释。
elegant,/ˈelɪɡənt/,adj. 优雅的；高雅的；精美的；简洁的,adj. 优雅的；高雅的；精美的；简洁的,Unit 02 必考词,自我,leg,e-加强|leg 选择|-ant 形容词后缀,leg是选择，e加强，精心挑选的→优雅的、高雅的，考研高频词。,graceful|refined|tasteful|sophisticated,She is an elegant woman with good manners.,她是一位举止优雅的女士。
element,/ˈelɪmənt/,n. 元素；要素；成分；基础；自然力,n. 元素；要素；成分；基础；自然力,Unit 02 必考词,自然与科学,elem,elem 基础|-ent 名词后缀,elem是基础，-ent名词，基础的东西→元素、要素、成分，考研核心词。,component|factor|ingredient|basic,Honesty is an important element of a good character.,诚实是良好品格的重要组成部分。
elementary,/ˌelɪˈmentri/,adj. 初级的；基础的；基本的；小学的,adj. 初级的；基础的；基本的；小学的,Unit 02 必考词,抽象,elem,elem 基础|-entary 形容词后缀,element的形容词，基础的、初级的，考研高频词。,basic|primary|fundamental|introductory,This book is written for elementary English learners.,这本书是为初级英语学习者写的。
eliminate,/ɪˈlɪmɪneɪt/,v. 消除；排除；淘汰；消灭,v. 消除；排除；淘汰；消灭,Unit 02 必考词,抽象,limin,e-加强|limin 门槛|-ate 动词后缀,limin是门槛，e加强，扔到门槛外→消除、排除、淘汰，考研核心词。,elimination|remove|exclude|get rid of,We need to eliminate all possible risks before we start the project.,我们需要在项目开始前排除所有可能的风险。
abolish,/əˈbɑːlɪʃ/,v. 废除；废止；取消；彻底破坏,v. 废除；废止；取消；彻底破坏,Unit 02 必考词,社会,bol,ab-加强|bol 扔|-ish 动词后缀,bol是扔，ab加强，全部扔掉→废除、废止，考研高频词。,abolition|cancel|eliminate|repeal,The government decided to abolish the outdated tax law.,政府决定废除这项过时的税法。
absence,/ˈæbsəns/,n. 缺席；不在；缺乏；没有,n. 缺席；不在；缺乏；没有,Unit 02 必考词,抽象,abs,abs-离开|-ence 名词后缀,abs是离开，-ence名词，离开的状态→缺席、不在、缺乏，考研高频词。,absent|lack|shortage|nonappearance,His absence from the meeting made the manager very angry.,他缺席会议让经理非常生气。
absent,/ˈæbsənt/ adj. /əbˈsent/ v.,adj. 缺席的；不在的；缺乏的 v. 缺席；不参加,adj. 缺席的；不在的；缺乏的 v. 缺席；不参加,Unit 02 必考词,抽象,abs,abs-离开|-ent 形容词/动词后缀,abs是离开，-ent后缀，离开的→缺席的、不在的，也指缺席，考研核心多义词。,absence|away|missing|not present,She was absent from school yesterday because she was ill.,她昨天生病没来上学。
abroad,/əˈbrɔːd/,adv. 在国外；到海外；广泛地；到处,adv. 在国外；到海外；广泛地；到处,Unit 02 必考词,社会,ab,ab-加强|broad 宽的,ab加强+broad宽的，走到宽的地方去→在国外、到海外，考研高频词。,overseas|foreign|widely|everywhere,She has decided to go abroad to study next year.,她决定明年出国留学。
absolute,/ˈæbsəluːt/,adj. 绝对的；完全的；无条件的；不受限制的,adj. 绝对的；完全的；无条件的；不受限制的,Unit 02 必考词,抽象,solv,ab-加强|solv 松开|-ute 形容词后缀,solv是松开，ab加强，完全松开的→绝对的、完全的，考研核心词。,absolutely|complete|total|unconditional,He has absolute trust in his best friend.,他完全信任他最好的朋友。
absorb,/əbˈsɔːrb/,v. 吸收；理解；承受；使全神贯注,v. 吸收；理解；承受；使全神贯注,Unit 02 必考词,自我,sorb,ab-加强|sorb 吸收|- 动词后缀,sorb是吸收，ab加强，全部吸收→吸收、理解、承受，考研核心词。,absorption|digest|soak|assimilate,Plants absorb carbon dioxide from the air during photosynthesis.,植物在光合作用过程中吸收空气中的二氧化碳。
abstract,/ˈæbstrækt/ adj. /æbˈstrækt/ v.,adj. 抽象的；理论的；深奥的 n. 摘要；抽象 v. 提取；摘录,adj. 抽象的；理论的；深奥的 n. 摘要；抽象 v. 提取；摘录,Unit 02 必考词,抽象,tract,abs-离开|tract 拉|- 形容词/动词/名词后缀,tract是拉，abs离开，拉出来的东西→摘要、抽象，也指提取、摘录，考研核心多义词。,summary|theoretical|extract|summary,This is an abstract painting, not a realistic one.,这是一幅抽象画，不是写实的。
ban,/bæn/,v. 禁止；取缔；明令禁止 n. 禁令；禁止,v. 禁止；取缔；明令禁止 n. 禁令；禁止,Unit 02 必考词,社会,ban,ban 禁止,最基础的禁止相关词，考研高频多义词，搭配ban sth/ban sb from doing sth。,forbid|prohibit|outlaw|restriction,The school has banned the use of mobile phones in class.,学校禁止在课堂上使用手机。
bar,/bɑːr/,n. 酒吧；条；棒；栏杆；法庭 v. 禁止；阻拦；闩上,n. 酒吧；条；棒；栏杆；法庭 v. 禁止；阻拦；闩上,Unit 02 必考词,社会,bar,bar 栏；禁止,考研高频多义词，核心义为“阻拦、禁止”，也指酒吧、栏杆。,ban|forbid|block|obstruct,He was barred from entering the building because he had no ID.,他因为没有身份证被禁止进入这栋楼。
bare,/ber/,adj. 赤裸的；裸露的；空的；仅有的 v. 露出；暴露,adj. 赤裸的；裸露的；空的；仅有的 v. 露出；暴露,Unit 02 必考词,自我,bar,bar 裸露|-e 形容词/动词后缀,核心义为“没有覆盖的”，赤裸的、空的，也指露出、暴露，考研高频词。,naked|exposed|empty|only,He walked barefoot on the soft sand.,他赤脚走在柔软的沙滩上。
barely,/ˈberli/,adv. 仅仅；勉强；几乎不；刚刚,adv. 仅仅；勉强；几乎不；刚刚,Unit 02 必考词,抽象,bar,bar 裸露|-ly 副词后缀,bare的副词，核心义为“几乎没有、勉强”，考研高频副词。,hardly|scarcely|only|just,She could barely speak because she was so nervous.,她紧张得几乎说不出话来。
bargain,/ˈbɑːrɡən/,n. 交易；便宜货；协议 v. 讨价还价；谈判,n. 交易；便宜货；协议 v. 讨价还价；谈判,Unit 02 必考词,社会,bar,bar 交易|-gain 获得,核心义为“交易、讨价还价”，也指便宜货，考研高频词。,deal|negotiate|haggle|agreement,She bought this dress at a very low price, it's a real bargain.,她以很低的价格买了这条裙子，真的很划算。
capable,/ˈkeɪpəbl/,adj. 有能力的；有才能的；能胜任的,adj. 有能力的；有才能的；能胜任的,Unit 02 必考词,自我,cap,cap 拿|-able 形容词后缀,cap是拿，-able能，能拿得住的→有能力的、能胜任的，考研高频词。,ability|competent|skilled|talented,He is a very capable manager, he can handle all kinds of problems.,他是个非常有能力的经理，能处理各种问题。
capacity,/kəˈpæsəti/,n. 能力；容量；容积；才能；生产能力,n. 能力；容量；容积；才能；生产能力,Unit 02 必考词,抽象,cap,cap 拿|-acity 名词后缀,cap是拿，-acity名词，能拿的量→容量、能力，考研核心词。,capable|volume|ability|output,The stadium has a seating capacity of 50,000 people.,这个体育场能容纳5万人。
capital,/ˈkæpɪtl/,n. 首都；首府；资本；资金；大写字母 adj. 首都的；资本的；大写的,n. 首都；首府；资本；资金；大写字母 adj. 首都的；资本的；大写的,Unit 02 必考词,社会,cap,cap 头|-ital 名词/形容词后缀,cap是头，-ital后缀，头的东西→首都、资本，考研核心多义词。,city|fund|money|uppercase,Beijing is the capital of China.,北京是中国的首都。
captive,/ˈkæptɪv/,adj. 被俘虏的；被囚禁的；受控制的 n. 俘虏；囚徒,adj. 被俘虏的；被囚禁的；受控制的 n. 俘虏；囚徒,Unit 02 必考词,社会,cap,cap 拿|-tive 形容词/名词后缀,cap是拿，-tive后缀，被拿住的→被俘虏的、囚徒，考研高频词。,capture|prisoner|hostage|confined,The soldiers tried to rescue the captives from the enemy camp.,士兵们试图从敌人营地救出俘虏。
capture,/ˈkæptʃər/,v. 俘虏；捕获；俘获；拍摄；记录 n. 捕获；俘虏,v. 俘虏；捕获；俘获；拍摄；记录 n. 捕获；俘虏,Unit 02 必考词,社会,cap,cap 拿|-ture 动词/名词后缀,cap是拿，-ture后缀，拿住的动作→捕获、俘虏，也指拍摄、记录，考研核心多义词。,captive|catch|seize|trap,The police managed to capture the criminal after a long chase.,经过长时间的追捕，警察终于抓获了罪犯。
career,/kəˈrɪr/,n. 职业；事业；生涯；经历 adj. 职业的；专业的,n. 职业；事业；生涯；经历 adj. 职业的；专业的,Unit 02 必考词,自我,car,car 跑|-eer 名词后缀,car是跑，-eer名词，一直跑的路→职业、事业、生涯，考研核心词。,job|occupation|profession|vocation,She has had a very successful career as a doctor.,她作为一名医生，事业非常成功。
careful,/ˈkerfl/,adj. 小心的；仔细的；谨慎的；精心的,adj. 小心的；仔细的；谨慎的；精心的,Unit 02 必考词,自我,car,car 关心|-ful 形容词后缀,car是关心，-ful充满，充满关心的→小心的、仔细的，考研高频词。,care|cautious|prudent|attentive,You should be careful when you cross the road.,过马路的时候你要小心。
case,/keɪs/,n. 情况；案例；病例；案件；箱子；盒子,n. 情况；案例；病例；案件；箱子；盒子,Unit 02 必考词,抽象,cas,cas 落下|-e 名词后缀,cas是落下，-e名词，落下的事情→情况、案例、案件，考研核心多义词。,instance|example|situation|box,This is a very special case, we need to deal with it carefully.,这是一个非常特殊的案例，我们需要谨慎处理。
cast,/kæst/,v. 扔；投；掷；抛；铸造；选派角色 n. 投掷；铸件；演员阵容,v. 扔；投；掷；抛；铸造；选派角色 n. 投掷；铸件；演员阵容,Unit 02 必考词,抽象,cast,cast 扔；投,考研高频多义词，核心义为“扔、投”，也指铸造、选派角色，过去式过去分词均为cast。,throw|toss|fling|select,He cast his vote for the new president.,他为新总统投了票。
casual,/ˈkæʒuəl/,adj. 随便的；非正式的；偶然的；不经意的；休闲的,adj. 随便的；非正式的；偶然的；不经意的；休闲的,Unit 02 必考词,自我,cas,cas 落下|-ual 形容词后缀,cas是落下，-ual形容词，偶然落下的→偶然的、随便的、非正式的，考研高频词。,informal|relaxed|occasional|random,We usually wear casual clothes on weekends.,我们周末通常穿休闲装。
casualty,/ˈkæʒuəlti/,n. 伤亡人员；受害者；牺牲品；意外事故,n. 伤亡人员；受害者；牺牲品；意外事故,Unit 02 必考词,社会,cas,cas 落下|-ual|-ty 名词后缀,casual的名词，偶然落下的不幸→伤亡人员、受害者，考研高频词。,victim|fatality|injury|accident,There were no casualties in the car accident.,这场车祸中没有人员伤亡。
category,/ˈkætəɡɔːri/,n. 种类；类别；范畴；等级,n. 种类；类别；范畴；等级,Unit 02 必考词,抽象,cat,cat-加强|gor 集合|-y 名词后缀,核心义为“种类、类别、范畴”，考研高频词。,class|type|group|classification,These books can be divided into different categories according to their subjects.,这些书可以根据主题分为不同的类别。
catch,/kætʃ/,v. 抓住；接住；捕捉；赶上；感染；理解 n. 捕捉；捕获物；陷阱,v. 抓住；接住；捕捉；赶上；感染；理解 n. 捕捉；捕获物；陷阱,Unit 02 必考词,自我,cat,cat 抓|-ch 动词后缀,核心义为“抓住、接住、捕捉”，也指赶上、感染、理解，考研核心多义词。,capture|seize|grab|understand,The cat tried to catch the mouse running across the room.,猫试图抓住从房间里跑过的老鼠。
cater,/ˈkeɪtər/,v. 迎合；满足需要；提供饮食及服务；承办酒席,v. 迎合；满足需要；提供饮食及服务；承办酒席,Unit 02 必考词,社会,cat,cat 抓|-er 动词后缀,核心义为“迎合、满足需要”，也指提供饮食服务，考研高频搭配cater to/for。,serve|provide|accommodate|satisfy,This restaurant caters to all kinds of customers, from young to old.,这家餐厅迎合从年轻人到老年人的各类顾客。
cause,/kɔːz/,n. 原因；起因；理由；事业；目标 v. 引起；导致；使发生,n. 原因；起因；理由；事业；目标 v. 引起；导致；使发生,Unit 02 必考词,抽象,caus,caus 原因|-e 名词/动词后缀,核心义为“原因、起因”，也指引起、导致，考研核心多义词。,reason|origin|lead to|bring about,What is the main cause of this problem?,这个问题的主要原因是什么？
caution,/ˈkɔːʃn/,n. 小心；谨慎；警告；警示 v. 警告；劝…小心,n. 小心；谨慎；警告；警示 v. 警告；劝…小心,Unit 02 必考词,自我,cau,cau 小心|-tion 名词/动词后缀,核心义为“小心、谨慎、警告”，考研高频词。,care|warning|prudence|alert,You should exercise caution when you drive in the rain.,雨天开车要格外小心。
cautious,/ˈkɔːʃəs/,adj. 小心的；谨慎的；慎重的,adj. 小心的；谨慎的；慎重的,Unit 02 必考词,自我,cau,cau 小心|-tious 形容词后缀,caution的形容词，小心的、谨慎的，考研高频词。,caution|careful|prudent|wary,He is a very cautious person, he never makes hasty decisions.,他是个非常谨慎的人，从不做草率的决定。
cease,/siːs/,v. 停止；终止；结束 n. 停止；终止,v. 停止；终止；结束 n. 停止；终止,Unit 02 必考词,抽象,ceas,ceas 停止|-e 动词/名词后缀,核心义为“停止、终止、结束”，考研高频词。,stop|end|terminate|halt,The rain finally ceased after three days of continuous falling.,连续下了三天的雨终于停了。
celebrate,/ˈselɪbreɪt/,v. 庆祝；庆贺；赞美；颂扬,v. 庆祝；庆贺；赞美；颂扬,Unit 02 必考词,自我,celebr,celebr 荣誉|-ate 动词后缀,celebr是荣誉，-ate动词，为荣誉而做→庆祝、庆贺，考研核心词。,celebration|honor|praise|commemorate,We will celebrate our 10th wedding anniversary next month.,下个月我们将庆祝结婚十周年。
celebrity,/səˈlebrəti/,n. 名人；明星；名流；名声；名望,n. 名人；明星；名流；名声；名望,Unit 02 必考词,社会,celebr,celebr 荣誉|-ity 名词后缀,celebr是荣誉，-ity名词，有荣誉的人→名人、明星，考研高频词。,celebrate|star|famous person|fame,Many celebrities attended the opening ceremony of the film festival.,许多名人出席了电影节的开幕式。
ceremony,/ˈserəmoʊni/,n. 典礼；仪式；礼节；礼仪,n. 典礼；仪式；礼节；礼仪,Unit 02 必考词,社会,cerem,cerem 仪式|-ony 名词后缀,核心义为“典礼、仪式、礼节”，考研高频词。,ritual|rite|service|protocol,The opening ceremony of the Olympic Games was very spectacular.,奥运会的开幕式非常壮观。
certain,/ˈsɜːrtn/,adj. 确定的；肯定的；必然的；某一；某些 pron. 某些；某几个,adj. 确定的；肯定的；必然的；某一；某些 pron. 某些；某几个,Unit 02 必考词,抽象,cert,cert 确定|-ain 形容词/代词后缀,cert是确定，-ain后缀，确定的→肯定的、必然的，也指某一、某些，考研核心多义词。,sure|definite|fixed|some,I am certain that he will come to the party on time.,我确定他会准时来参加派对。
certainty,/ˈsɜːrtnti/,n. 确定；肯定；必然；确定的事,n. 确定；肯定；必然；确定的事,Unit 02 必考词,抽象,cert,cert 确定|-ain|-ty 名词后缀,certain的名词，确定、肯定、必然，考研高频词。,certain|surety|definiteness|inevitability,There is no certainty that he will win the game.,他是否会赢得比赛还不确定。
certificate,/sərˈtɪfɪkət/,n. 证书；证明；文凭；合格证 v. 发证书给；证明,n. 证书；证明；文凭；合格证 v. 发证书给；证明,Unit 02 必考词,社会,cert,cert 确定|-ificate 名词/动词后缀,cert是确定，-ificate后缀，确定的文件→证书、证明，考研核心词。,certify|license|diploma|document,She received her bachelor's degree certificate from the university.,她从大学拿到了学士学位证书。
certify,/ˈsɜːrtɪfaɪ/,v. 证明；证实；颁发证书；保证,v. 证明；证实；颁发证书；保证,Unit 02 必考词,社会,cert,cert 确定|-ify 动词后缀,cert是确定，-ify使动，使确定→证明、证实、颁发证书，考研核心词。,certificate|prove|confirm|witness,This document can certify that you are the owner of the house.,这份文件可以证明你是这栋房子的主人。
decline,/dɪˈklaɪn/,v. 下降；衰退；减少；谢绝；拒绝 n. 下降；衰退；减少,v. 下降；衰退；减少；谢绝；拒绝 n. 下降；衰退；减少,Unit 02 必考词,抽象,clin,de-向下|clin 倾斜|-e 动词/名词后缀,clin是倾斜，de向下，向下倾斜→下降、衰退、减少，也指谢绝、拒绝，考研核心多义词。,decrease|fall|drop|refuse,The number of tourists has declined sharply this year.,今年游客数量大幅下降。
decree,/dɪˈkriː/,n. 法令；政令；判决；裁定 v. 颁布法令；判决；裁定,n. 法令；政令；判决；裁定 v. 颁布法令；判决；裁定,Unit 02 必考词,社会,cre,de-加强|cre 确定|-e 名词/动词后缀,cre是确定，de加强，确定的命令→法令、政令，也指判决、裁定，考研高频词。,order|law|judgment|ruling,The government issued a decree to ban the use of plastic bags.,政府颁布了一项禁止使用塑料袋的法令。
deem,/diːm/,v. 认为；视为；相信；判断,v. 认为；视为；相信；判断,Unit 02 必考词,抽象,deem,deem 认为；判断,考研高频核心词，核心义为“认为、视为、判断”，搭配deem sth/sb + adj/n。,think|consider|believe|judge,She deems it very important to learn English well.,她认为学好英语非常重要。
dedicate,/ˈdedɪkeɪt/,v. 致力于；献身于；把…用于；题献,v. 致力于；献身于；把…用于；题献,Unit 02 必考词,自我,dic,de-加强|dic 说|-ate 动词后缀,dic是说，de加强，坚定地说→致力于、献身于，考研核心词。,dedication|devote|commit|contribute,He dedicated his whole life to helping the poor people in the mountain areas.,他毕生致力于帮助山区的穷人。
deduce,/dɪˈduːs/,v. 推论；推断；演绎；得出结论,v. 推论；推断；演绎；得出结论,Unit 02 必考词,抽象,duc,de-向下|duc 引导|-e 动词后缀,duc是引导，de向下，一步步引导下来→推论、推断、演绎，考研核心词。,deduction|infer|conclude|reason,We can deduce a lot of information from the data we collected.,我们可以从收集到的数据中推断出很多信息。
deduct,/dɪˈdʌkt/,v. 扣除；减去；演绎；推导,v. 扣除；减去；演绎；推导,Unit 02 必考词,抽象,duc,de-向下|duc 引导|-t 动词后缀,duc是引导，de向下，从总数里引导下来→扣除、减去，也指演绎、推导，考研高频词。,deduction|subtract|take away|derive,The company will deduct tax from your salary every month.,公司每个月都会从你的工资里扣除税款。
fashion,/ˈfæʃn/,n. 时尚；时装；流行款式；方式；样子 v. 制作；塑造；使适应,n. 时尚；时装；流行款式；方式；样子 v. 制作；塑造；使适应,Unit 02 必考词,社会,fac,fac 做|-ion 名词后缀,fac是做，-ion名词，做出来的流行样式→时尚、时装，也指制作、塑造，考研核心多义词。,fashionable|style|trend|make,This kind of dress is very much in fashion this year.,这种裙子今年非常流行。
fashionable,/ˈfæʃnəbl/,adj. 流行的；时髦的；时尚的；赶时髦的,adj. 流行的；时髦的；时尚的；赶时髦的,Unit 02 必考词,社会,fac,fac 做|-ion|-able 形容词后缀,fashion的形容词，流行的、时髦的、时尚的，考研高频词。,fashion|trendy|stylish|popular,She always wears fashionable clothes to work.,她总是穿时髦的衣服去上班。
favor,/ˈfeɪvər/,n. 喜爱；偏爱；赞同；支持；恩惠 v. 喜爱；偏爱；赞同；支持；有利于,n. 喜爱；偏爱；赞同；支持；恩惠 v. 喜爱；偏爱；赞同；支持；有利于,Unit 02 必考词,自我,fav,fav 喜爱|-or 名词/动词后缀,核心义为“喜爱、偏爱、赞同、支持”，也指恩惠、有利于，考研核心多义词。,favorable|favorite|like|prefer,Most people favor the new policy proposed by the government.,大多数人支持政府提出的新政策。
favorable,/ˈfeɪvərəbl/,adj. 有利的；良好的；赞成的；赞许的；讨人喜欢的,adj. 有利的；良好的；赞成的；赞许的；讨人喜欢的,Unit 02 必考词,抽象,fav,fav 喜爱|-or|-able 形容词后缀,favor的形容词，有利的、良好的、赞成的，考研高频词。,favor|beneficial|advantageous|positive,We have received a favorable response from our customers.,我们收到了客户的积极反馈。
favorite,/ˈfeɪvərɪt/,adj. 最喜爱的；最喜欢的 n. 最喜爱的人/物；宠儿；热门人选,adj. 最喜爱的；最喜欢的 n. 最喜爱的人/物；宠儿；热门人选,Unit 02 必考词,自我,fav,fav 喜爱|-or|-ite 形容词/名词后缀,favor的最高级相关，最喜爱的、最喜欢的，也指最喜爱的人/物，考研核心词。,favor|preferred|beloved|top choice,This is my favorite book, I have read it many times.,这是我最喜欢的书，我已经读了很多遍了。
rite,/raɪt/,n. 仪式；典礼；习俗；惯例,n. 仪式；典礼；习俗；惯例,Unit 02 必考词,社会,rit,rit 仪式|-e 名词后缀,核心义为“仪式、典礼、习俗”，考研高频词。,ritual|ceremony|custom|tradition,This is an ancient rite that has been passed down for hundreds of years.,这是一个流传了数百年的古老仪式。
site,/saɪt/,n. 地点；位置；场所；遗址；网站 v. 使坐落于；设置,n. 地点；位置；场所；遗址；网站 v. 使坐落于；设置,Unit 02 必考词,抽象,sit,sit 坐|-e 名词/动词后缀,sit是坐，-e后缀，坐下的地方→地点、位置、场所，也指网站，考研核心多义词。,location|place|position|website,This is the perfect site for our new factory.,这是我们建新工厂的完美地点。
situate,/ˈsɪtʃueɪt/,v. 使坐落于；使位于；把…置于；使处于,v. 使坐落于；使位于；把…置于；使处于,Unit 02 必考词,抽象,sit,sit 坐|-uate 动词后缀,sit是坐，-uate使动，使坐下→使坐落于、使位于，考研高频词。,site|locate|place|position,The hotel is situated in the center of the city, very close to the shopping mall.,酒店位于市中心，离购物中心非常近。
situation,/ˌsɪtʃuˈeɪʃn/,n. 情况；状况；形势；局面；位置；场所,n. 情况；状况；形势；局面；位置；场所,Unit 02 必考词,抽象,sit,sit 坐|-uation 名词后缀,situate的名词，坐的状态→情况、状况、形势、局面，考研核心词。,situate|condition|state|circumstance,We need to deal with this difficult situation as soon as possible.,我们需要尽快处理这个困难的局面。
skeleton,/ˈskelɪtn/,n. 骨骼；骨架；骷髅；梗概；轮廓 adj. 骨骼的；骨瘦如柴的,n. 骨骼；骨架；骷髅；梗概；轮廓 adj. 骨骼的；骨瘦如柴的,Unit 02 必考词,自然与科学,skelet,skelet 干|-on 名词后缀,核心义为“骨骼、骨架、骷髅”，也指梗概、轮廓，考研高频词。,bone|frame|outline|summary,The doctor looked at the X-ray of the patient's skeleton.,医生看了病人的骨骼X光片。
skeptical,/ˈskeptɪkl/,adj. 怀疑的；持怀疑态度的；不相信的,adj. 怀疑的；持怀疑态度的；不相信的,Unit 02 必考词,自我,skept,skept 看|-ical 形容词后缀,skept是看，-ical形容词，用怀疑的眼光看的→怀疑的、持怀疑态度的，考研高频词。,doubtful|suspicious|unbelieving|distrustful,He is skeptical about the results of the experiment, he wants to do it again.,他对实验结果持怀疑态度，想再做一次。
sketch,/sketʃ/,n. 素描；速写；草图；梗概；小品 v. 画素描；画速写；草拟；概述,n. 素描；速写；草图；梗概；小品 v. 画素描；画速写；草拟；概述,Unit 02 必考词,抽象,skech,skech 画|- 名词/动词后缀,核心义为“素描、速写、草图”，也指草拟、概述，考研高频词。,draw|draft|outline|summary,She drew a sketch of the beautiful scenery in front of her.,她为眼前的美景画了一幅速写。
embrace,/ɪmˈbreɪs/,v. 拥抱；怀抱；接受；采纳；信奉；包含 n. 拥抱；怀抱；接受,v. 拥抱；怀抱；接受；采纳；信奉；包含 n. 拥抱；怀抱；接受,Unit 03 必考词,自我,brac,em-进入|brac 手臂|-e 动词/名词后缀,brac是手臂，em进入，进入手臂→拥抱、怀抱，也指接受、采纳，考研核心多义词。,hug|hold|accept|adopt,She embraced her mother tightly when she saw her at the airport.,她在机场看到妈妈时，紧紧地抱住了她。
embed,/ɪmˈbed/,v. 把…嵌入；把…插入；使深留脑中；使扎根,v. 把…嵌入；把…插入；使深留脑中；使扎根,Unit 03 必考词,抽象,bed,em-进入|bed 床|- 动词后缀,bed是床，em进入，进入床里→嵌入、插入，也指使深留脑中，考研高频词。,implant|insert|set|root,The arrow embedded itself in the wall of the house.,箭深深地嵌入了房子的墙壁里。
embody,/ɪmˈbɑːdi/,v. 使具体化；使形象化；体现；包含；收录,v. 使具体化；使形象化；体现；包含；收录,Unit 03 必考词,抽象,body,em-进入|body 身体|- 动词后缀,body是身体，em进入，进入身体→使具体化、体现，考研核心词。,embodiment|represent|manifest|contain,This painting embodies the artist's love for nature.,这幅画体现了艺术家对自然的热爱。
embryo,/ˈembrioʊ/,n. 胚胎；胚芽；初期阶段；萌芽状态 adj. 胚胎的；初期的,n. 胚胎；胚芽；初期阶段；萌芽状态 adj. 胚胎的；初期的,Unit 03 必考词,自然与科学,bryo,em-进入|bryo 发芽|-o 名词/形容词后缀,bryo是发芽，em进入，进入发芽状态→胚胎、胚芽，也指初期阶段，考研高频词。,fetus|germ|bud|early stage,The embryo develops into a fetus in the mother's womb.,胚胎在母亲的子宫里发育成胎儿。
elicit,/ɪˈlɪsɪt/,v. 引出；探出；诱出；使发出；使显露,v. 引出；探出；诱出；使发出；使显露,Unit 03 必考词,抽象,licit,e-加强|licit 引导|- 动词后缀,licit是引导，e加强，引导出来→引出、探出、诱出，考研高频词。,evoke|draw out|induce|reveal,The teacher tried to elicit the correct answer from the students.,老师试图引导学生说出正确答案。
elite,/eɪˈliːt/,n. 精英；杰出人物；上层集团 adj. 精英的；杰出的；精锐的,n. 精英；杰出人物；上层集团 adj. 精英的；杰出的；精锐的,Unit 03 必考词,社会,elit,elit 选择|-e 名词/形容词后缀,elit是选择，-e后缀，被选出来的人→精英、杰出人物，也指精英的，考研高频词。,best|outstanding|excellent|top group,He is one of the elite athletes in the country, he has won many gold medals.,他是国内的精英运动员之一，赢得了许多金牌。
elsewhere,/ˌelsˈwer/,adv. 在别处；到别处；在其他地方,adv. 在别处；到别处；在其他地方,Unit 03 必考词,抽象,else,else 其他|where 哪里,核心义为“在别处、到别处、在其他地方”，考研高频副词。,somewhere else|in other places|abroad,If you don't like this restaurant, we can go elsewhere for dinner.,如果你不喜欢这家餐厅，我们可以去别的地方吃晚饭。
thirst,/θɜːrst/,n. 渴；口渴；渴望；渴求 v. 渴；口渴；渴望；渴求,n. 渴；口渴；渴望；渴求 v. 渴；口渴；渴望；渴求,Unit 03 必考词,自我,thirst,thirst 渴,核心义为“渴、口渴”，也指渴望、渴求，考研高频多义词。,thirsty|desire|crave|long for,After running for a long time, he had a strong thirst for water.,跑了很长时间后，他非常想喝水。
thorough,/ˈθɜːroʊ/,adj. 彻底的；完全的；全面的；仔细的；缜密的,adj. 彻底的；完全的；全面的；仔细的；缜密的,Unit 03 必考词,抽象,thor,thor 穿过|-ough 形容词后缀,thor是穿过，-ough后缀，全部穿过的→彻底的、完全的、全面的，考研高频词。,thoroughly|complete|total|careful,We need to do a thorough check of the machine before we use it.,使用机器前，我们需要对它进行彻底的检查。
though,/ðoʊ/,conj. 虽然；尽管；即使 adv. 可是；不过；然而,conj. 虽然；尽管；即使 adv. 可是；不过；然而,Unit 03 必考词,抽象,though,though 虽然；尽管,考研高频核心连词，核心义为“虽然、尽管、即使”，也可作副词表“可是、不过”。,although|even though|but|however,Though he is very young, he is very experienced in this field.,虽然他很年轻，但在这个领域却非常有经验。
thought,/θɔːt/,n. 思想；想法；念头；思考；思维 v. 想；认为；思考（think的过去式过去分词）,n. 思想；想法；念头；思考；思维 v. 想；认为；思考（think的过去式过去分词）,Unit 03 必考词,抽象,thought,thought 思想；思考,核心义为“思想、想法、思考”，也是think的过去式过去分词，考研核心多义词。,think|idea|opinion|thinking,She was lost in thought and didn't hear what I said.,她陷入了沉思，没听到我说的话。
thoughtful,/ˈθɔːtfl/,adj. 深思的；思考的；体贴的；关心的；缜密的,adj. 深思的；思考的；体贴的；关心的；缜密的,Unit 03 必考词,自我,thought,thought 思想|-ful 形容词后缀,thought的形容词，深思的、体贴的、缜密的，考研高频词。,thought|considerate|caring|prudent,He is a very thoughtful person, he always remembers his friends' birthdays.,他是个非常体贴的人，总是记得朋友们的生日。
threaten,/ˈθretn/,v. 威胁；恐吓；预示；有…危险；危及,v. 威胁；恐吓；预示；有…危险；危及,Unit 03 必考词,社会,threat,threat 威胁|-en 动词后缀,threat是威胁，-en使动，使受到威胁→威胁、恐吓、预示危险，考研核心词。,threat|intimidate|menace|endanger,The man threatened to call the police if the thief didn't return the bag.,小偷不还包的话，这个男人就威胁要报警。
update,/ˌʌpˈdeɪt/ v. /ˈʌpdeɪt/ n.,v. 更新；升级；刷新；使现代化 n. 更新；升级；最新消息,v. 更新；升级；刷新；使现代化 n. 更新；升级；最新消息,Unit 03 必考词,抽象,date,up-向上|date 日期|- 动词/名词后缀,date是日期，up向上，日期向上走→更新、升级，也指最新消息，考研核心多义词。,upgrade|refresh|modernize|latest news,I need to update my phone's operating system to the latest version.,我需要把手机的操作系统更新到最新版本。
upgrade,/ˌʌpˈɡreɪd/ v. /ˈʌpɡreɪd/ n.,v. 升级；提升；改善；提高档次 n. 升级；提升；改善,v. 升级；提升；改善；提高档次 n. 升级；提升；改善,Unit 03 必考词,抽象,grade,up-向上|grade 等级|- 动词/名词后缀,grade是等级，up向上，等级向上走→升级、提升、改善，考研核心多义词。,update|improve|enhance|promotion,The company decided to upgrade the security system of the office building.,公司决定升级办公楼的安保系统。
uphold,/ʌpˈhoʊld/,v. 支持；维护；维持；坚持；拥护,v. 支持；维护；维持；坚持；拥护,Unit 03 必考词,社会,hold,up-向上|hold 拿|- 动词后缀,hold是拿，up向上，向上拿住→支持、维护、维持、坚持，考研核心词。,support|maintain|defend|uphold the law,We should always uphold the principle of equality between men and women.,我们应该始终坚持男女平等的原则。
upset,/ʌpˈset/ v. /ˈʌpset/ adj.,v. 使心烦；使苦恼；使生气；打翻；弄翻 adj. 心烦的；苦恼的；生气的；沮丧的,v. 使心烦；使苦恼；使生气；打翻；弄翻 adj. 心烦的；苦恼的；生气的；沮丧的,Unit 03 必考词,情感,set,up-向上|set 放|- 动词/形容词后缀,set是放，up向上，放翻了→打翻、弄翻，也指使心烦、生气，考研核心多义词。,disturb|annoy|angry|frustrated,She was very upset because she failed the English exam.,她因为英语考试不及格而非常心烦。
up-to-date,/ˌʌp tə ˈdeɪt/,adj. 最新的；现代化的；紧跟潮流的；包含最新信息的,adj. 最新的；现代化的；紧跟潮流的；包含最新信息的,Unit 03 必考词,抽象,date,up-向上|to 到|date 日期,核心义为“最新的、现代化的、紧跟潮流的”，考研高频形容词。,latest|modern|current|up-to-the-minute,This book is very up-to-date, it includes all the latest developments in this field.,这本书非常新，包含了这个领域所有的最新进展。
ventilate,/ˈventɪleɪt/,v. 使通风；使透气；公开讨论；自由表达,v. 使通风；使透气；公开讨论；自由表达,Unit 03 必考词,自然与科学,vent,vent 风|-ilate 动词后缀,vent是风，-ilate使动，使有风进来→使通风、使透气，也指公开讨论，考研高频词。,vent|air|aerate|discuss,We should open the windows to ventilate the room every morning.,我们每天早上都应该开窗给房间通风。
venture,/ˈventʃər/,n. 冒险；冒险行动；企业；投机活动 v. 冒险；敢于；大胆行事；投机,n. 冒险；冒险行动；企业；投机活动 v. 冒险；敢于；大胆行事；投机,Unit 03 必考词,自我,vent,vent 来|-ure 名词/动词后缀,vent是来，-ure后缀，来到未知的地方→冒险、冒险行动，也指企业、投机，考研核心多义词。,adventure|risk|gamble|undertaking,He decided to venture into the forest alone to find the rare plant.,他决定独自冒险进入森林寻找那种稀有植物。
widespread,/ˈwaɪdspred/,adj. 普遍的；广泛的；分布广的；流传广的,adj. 普遍的；广泛的；分布广的；流传广的,Unit 03 必考词,抽象,wide,wide 宽的|spread 传播,核心义为“普遍的、广泛的、分布广的”，考研高频形容词。,common|universal|extensive|far-reaching,There is a widespread belief that smoking is harmful to health.,人们普遍认为吸烟有害健康。
win,/wɪn/,v. 赢；赢得；获胜；获得；取得 n. 赢；胜利；获胜,v. 赢；赢得；获胜；获得；取得 n. 赢；胜利；获胜,Unit 03 必考词,自我,win,win 赢；获胜,考研高频核心词，核心义为“赢、赢得、获胜、获得”，过去式won，过去分词won。,victory|triumph|gain|achieve,Our team won the football match yesterday, we were all very excited.,我们队昨天赢了足球比赛，我们都非常兴奋。
wit,/wɪt/,n. 机智；风趣；智慧；才能；妙语,n. 机智；风趣；智慧；才能；妙语,Unit 03 必考词,自我,wit,wit 智慧；机智,核心义为“机智、风趣、智慧、才能”，考研高频词。,wisdom|intelligence|humor|cleverness,He is a man of great wit, he always makes people laugh with his funny jokes.,他是个非常风趣的人，总是用有趣的笑话逗大家笑。
withdraw,/wɪðˈdrɔː/,v. 撤回；退出；离开；收回；提取；取款,v. 撤回；退出；离开；收回；提取；取款,Unit 03 必考词,抽象,draw,with-向后|draw 拉|- 动词后缀,draw是拉，with向后，向后拉→撤回、退出、离开，也指收回、提取，考研核心词。,retreat|pull back|exit|take out,He decided to withdraw from the competition because of his injury.,他因为受伤决定退出比赛。
witness,/ˈwɪtnəs/,n. 目击者；证人；见证者；证据 v. 目击；见证；经历；证明,n. 目击者；证人；见证者；证据 v. 目击；见证；经历；证明,Unit 03 必考词,社会,wit,wit 看|-ness 名词/动词后缀,wit是看，-ness后缀，看到的人→目击者、证人，也指目击、见证，考研核心多义词。,see|observe|watcher|testimony,She was the only witness of the car accident, she saw everything that happened.,她是这场车祸的唯一目击者，看到了发生的一切。
inaugurate,/ɪˈnɔːɡjəreɪt/,v. 为…举行就职典礼；为…举行落成仪式；开创；开启,v. 为…举行就职典礼；为…举行落成仪式；开创；开启,Unit 03 必考词,社会,augur,in-进入|augur 预示|-ate 动词后缀,augur是预示，in进入，进入预示的新开始→为…举行就职典礼、开创，考研高频词。,inauguration|open|launch|commence,The new president will be inaugurated next month.,新总统将于下月举行就职典礼。
incentive,/ɪnˈsentɪv/,n. 激励；刺激；鼓励；动机 adj. 激励的；刺激的,n. 激励；刺激；鼓励；动机 adj. 激励的；刺激的,Unit 03 必考词,自我,sent,in-进入|sent 感觉|-ive 名词/形容词后缀,sent是感觉，in进入，进入感觉的东西→激励、刺激、鼓励，考研核心词。,motivation|stimulus|encouragement|inspire,The company offers many incentives to encourage employees to work harder.,公司提供了许多激励措施来鼓励员工更努力地工作。
incidence,/ˈɪnsɪdəns/,n. 发生率；发病率；发生范围；影响程度,n. 发生率；发病率；发生范围；影响程度,Unit 03 必考词,抽象,cid,in-进入|cid 落下|-ence 名词后缀,cid是落下，in进入，落下的情况→发生率、发病率，考研高频词。,incident|rate|frequency|occurrence,The incidence of this disease has increased sharply in recent years.,近年来这种疾病的发病率大幅上升。
incident,/ˈɪnsɪdənt/,n. 事件；事变；插曲；小事 adj. 伴随的；附带的,n. 事件；事变；插曲；小事 adj. 伴随的；附带的,Unit 03 必考词,抽象,cid,in-进入|cid 落下|-ent 名词/形容词后缀,cid是落下，in进入，落下的事情→事件、事变、插曲，考研核心多义词。,incidence|event|occurrence|happening,This is a very important incident in the history of the country.,这是这个国家历史上非常重要的事件。
incidentally,/ˌɪnsɪˈdentli/,adv. 顺便说一句；附带地；偶然地；不经意地,adv. 顺便说一句；附带地；偶然地；不经意地,Unit 03 必考词,抽象,cid,in-进入|cid 落下|-ental|-ly 副词后缀,incident的副词，顺便说一句、附带地、偶然地，考研高频副词。,by the way|incidentally|accidentally|casually,Incidentally, I saw your brother in the supermarket yesterday.,顺便说一句，我昨天在超市看到你哥哥了。
incline,/ɪnˈklaɪn/ v. /ˈɪnklaɪn/ n.,v. 倾斜；倾向于；赞同；喜爱 n. 斜坡；斜面；倾斜；倾向,v. 倾斜；倾向于；赞同；喜爱 n. 斜坡；斜面；倾斜；倾向,Unit 03 必考词,抽象,clin,in-进入|clin 倾斜|-e 动词/名词后缀,clin是倾斜，in进入，进入倾斜状态→倾斜、倾向于，也指斜坡、斜面，考研核心多义词。,slope|tilt|tend|prefer,She inclines to the opinion that we should start the project as soon as possible.,她倾向于我们应该尽快启动这个项目的观点。
academic,/ˌækəˈdemɪk/,adj. 学术的；理论的；学院的；大学的 n. 学者；大学教师；学术人员,adj. 学术的；理论的；学院的；大学的 n. 学者；大学教师；学术人员,Unit 03 必考词,社会,academ,academ 学院|-ic 形容词/名词后缀,academ是学院，-ic后缀，学院的、学术的，也指学者、大学教师，考研核心多义词。,academy|scholarly|theoretical|scholar,He is a famous academic in the field of physics, he has published many important papers.,他是物理学领域的著名学者，发表了许多重要论文。
academy,/əˈkædəmi/,n. 学院；研究院；学会；专科院校,n. 学院；研究院；学会；专科院校,Unit 03 必考词,社会,academ,academ 学院|-y 名词后缀,核心义为“学院、研究院、学会、专科院校”，考研高频词。,academic|college|institute|school,She graduated from the Academy of Fine Arts last year.,她去年从美术学院毕业了。
accelerate,/əkˈseləreɪt/,v. 加速；加快；促进；使增速,v. 加速；加快；促进；使增速,Unit 03 必考词,抽象,celer,ac-加强|celer 快|-ate 动词后缀,celer是快，ac加强，使更快→加速、加快、促进，考研核心词。,acceleration|speed up|quicken|promote,The car accelerated quickly and overtook the truck in front of it.,汽车迅速加速，超过了前面的卡车。
accept,/əkˈsept/,v. 接受；接纳；同意；认可；承受,v. 接受；接纳；同意；认可；承受,Unit 03 必考词,自我,cept,ac-加强|cept 拿|- 动词后缀,cept是拿，ac加强，拿过来→接受、接纳、同意，考研核心词。,acceptance|receive|admit|agree,She accepted my invitation to the birthday party.,她接受了我的生日派对邀请。
acceptance,/əkˈseptəns/,n. 接受；接纳；同意；认可；承兑,n. 接受；接纳；同意；认可；承兑,Unit 03 必考词,抽象,cept,ac-加强|cept 拿|-ance 名词后缀,accept的名词，接受、接纳、同意、认可，考研高频词。,accept|receipt|admission|agreement,His acceptance of the job offer made his parents very happy.,他接受了这份工作，父母非常高兴。
access,/ˈækses/,n. 通道；入口；使用权；访问权；机会 v. 接近；进入；使用；访问,n. 通道；入口；使用权；访问权；机会 v. 接近；进入；使用；访问,Unit 03 必考词,抽象,cess,ac-加强|cess 走|- 名词/动词后缀,cess是走，ac加强，走进去→通道、入口、使用权，也指接近、进入、访问，考研核心多义词。,entrance|way|use|approach,You need a password to get access to the computer system.,你需要密码才能进入这个计算机系统。
accessory,/əkˈsesəri/,n. 配件；附件；配饰；从犯；同谋 adj. 附属的；附加的；同谋的,n. 配件；附件；配饰；从犯；同谋 adj. 附属的；附加的；同谋的,Unit 03 必考词,抽象,cess,ac-加强|cess 走|-ory 名词/形容词后缀,cess是走，ac加强，跟着走的东西→配件、附件、配饰，也指从犯、同谋，考研核心多义词。,access|attachment|part|accomplice,She bought some beautiful accessories to match her new dress.,她买了一些漂亮的配饰来搭配她的新裙子。
begin,/bɪˈɡɪn/,v. 开始；启动；着手；开创,v. 开始；启动；着手；开创,Unit 03 必考词,抽象,begin,begin 开始；启动,考研高频核心词，核心义为“开始、启动、着手、开创”，过去式began，过去分词begun。,start|commence|initiate|launch,We will begin our new project next Monday.,我们将于下周一启动我们的新项目。
beginning,/bɪˈɡɪnɪŋ/,n. 开始；开端；起点；起源；初期,n. 开始；开端；起点；起源；初期,Unit 03 必考词,抽象,begin,begin 开始|-ning 名词后缀,begin的名词，开始、开端、起点、起源，考研高频词。,begin|start|commencement|origin,This is the beginning of a new chapter in our lives.,这是我们人生新篇章的开始。
behalf,/bɪˈhæf/,n. 代表；利益；方面,n. 代表；利益；方面,Unit 03 必考词,社会,be,be-在|half 边|- 名词后缀,核心义为“代表、利益、方面”，考研高频搭配on behalf of sb/sth。,represent|interest|side|account,She gave a speech on behalf of all the students at the graduation ceremony.,她在毕业典礼上代表所有学生发表了演讲。
behavior,/bɪˈheɪvjər/,n. 行为；举止；表现；态度；反应,n. 行为；举止；表现；态度；反应,Unit 03 必考词,自我,behave,behave 表现|-ior 名词后缀,behave的名词，行为、举止、表现、态度，考研核心词。,behave|conduct|manner|action,His behavior at the party was very rude, everyone was shocked by it.,他在派对上的行为非常粗鲁，所有人都对此感到震惊。
belief,/bɪˈliːf/,n. 相信；信任；信念；信仰；看法,n. 相信；信任；信念；信仰；看法,Unit 03 必考词,自我,believe,believe 相信|-f 名词后缀,believe的名词，相信、信任、信念、信仰，考研核心词。,believe|trust|faith|conviction,She has a strong belief that she will succeed one day.,她坚信自己总有一天会成功。
believe,/bɪˈliːv/,v. 相信；信任；认为；猜想；信仰,v. 相信；信任；认为；猜想；信仰,Unit 03 必考词,自我,believe,believe 相信；信任,考研高频核心词，核心义为“相信、信任、认为、信仰”，过去式believed，过去分词believed。,belief|trust|faith|think,I believe that he is telling the truth, he has never lied to me before.,我相信他说的是实话，他以前从来没有骗过我。
belong,/bɪˈlɔːŋ/,v. 属于；归属；应归入；适应；合得来,v. 属于；归属；应归入；适应；合得来,Unit 03 必考词,抽象,long,be-加强|long 长|- 动词后缀,核心义为“属于、归属、应归入”，考研高频搭配belong to sb/sth。,belongings|own|pertain|fit in,This book belongs to me, I wrote my name on the first page.,这本书是我的，我在第一页写了我的名字。
beneficial,/ˌbenɪˈfɪʃl/,adj. 有利的；有益的；有帮助的；造福的,adj. 有利的；有益的；有帮助的；造福的,Unit 03 必考词,抽象,benefit,benefit 好处|-icial 形容词后缀,benefit的形容词，有利的、有益的、有帮助的，考研高频词。,benefit|advantageous|helpful|good for,Regular exercise is very beneficial to our health.,经常锻炼对我们的健康非常有益。
benefit,/ˈbenɪfɪt/,n. 利益；好处；益处；救济金；保险金 v. 有益于；对…有好处；受益；得到好处,n. 利益；好处；益处；救济金；保险金 v. 有益于；对…有好处；受益；得到好处,Unit 03 必考词,抽象,benefit,benefit 好处；利益,核心义为“利益、好处、益处”，也指有益于、受益，考研核心多义词。,beneficial|advantage|profit|gain,We can benefit a lot from reading books every day.,我们每天读书可以受益良多。
benevolent,/bəˈnevələnt/,adj. 仁慈的；慈善的；善意的；乐善好施的,adj. 仁慈的；慈善的；善意的；乐善好施的,Unit 03 必考词,自我,vol,ben-好|vol 意愿|-ent 形容词后缀,vol是意愿，ben好，有好的意愿的→仁慈的、慈善的、善意的，考研高频词。,kind|charitable|generous|benign,She is a very benevolent woman, she always helps the poor people in the community.,她是个非常仁慈的女人，总是帮助社区里的穷人。
benign,/bɪˈnaɪn/,adj. 良性的；无害的；仁慈的；温和的；吉利的,adj. 良性的；无害的；仁慈的；温和的；吉利的,Unit 03 必考词,抽象,ben,ben-好|ign 出生|- 形容词后缀,ben是好，ign出生，生来好的→良性的、无害的、仁慈的、温和的，考研高频词。,benevolent|kind|gentle|harmless,The doctor said that the tumor is benign, there is no need to worry too much.,医生说这个肿瘤是良性的，不用太担心。
challenge,/ˈtʃælɪndʒ/,n. 挑战；艰巨任务；质疑；考验 v. 挑战；质疑；考验；向…发起挑战,n. 挑战；艰巨任务；质疑；考验 v. 挑战；质疑；考验；向…发起挑战,Unit 03 必考词,自我,chall,chall 喊|-enge 名词/动词后缀,核心义为“挑战、艰巨任务、质疑”，也指挑战、质疑、考验，考研核心多义词。,dare|defy|test|difficulty,This is a very difficult challenge, but I believe I can complete it.,这是一个非常艰巨的挑战，但我相信我能完成它。
chance,/tʃæns/,n. 机会；机遇；可能性；运气；偶然 v. 偶然发生；碰巧；冒险,n. 机会；机遇；可能性；运气；偶然 v. 偶然发生；碰巧；冒险,Unit 03 必考词,抽象,chance,chance 机会；机遇,核心义为“机会、机遇、可能性”，也指偶然发生、冒险，考研核心多义词。,opportunity|possibility|luck|happen,This is a good chance for you to improve your English speaking skills.,这是你提高英语口语能力的好机会。
change,/tʃeɪndʒ/,v. 改变；变化；更换；交换；转变 n. 改变；变化；更换；零钱,v. 改变；变化；更换；交换；转变 n. 改变；变化；更换；零钱,Unit 03 必考词,抽象,change,change 改变；变化,考研高频核心词，核心义为“改变、变化、更换、交换”，也指零钱，过去式changed，过去分词changed。,alter|vary|transform|shift,She changed her hairstyle yesterday, she looks very different now.,她昨天换了发型，现在看起来完全不一样了。
channel,/ˈtʃænl/,n. 频道；渠道；通道；海峡；航道 v. 引导；开导；输送；开辟渠道,n. 频道；渠道；通道；海峡；航道 v. 引导；开导；输送；开辟渠道,Unit 03 必考词,抽象,channel,channel 渠道；通道,核心义为“频道、渠道、通道、海峡”，也指引导、输送，考研核心多义词。,way|path|route|guide,You can watch this movie on the movie channel tonight.,今晚你可以在电影频道看这部电影。
character,/ˈkærəktər/,n. 性格；品质；特征；特点；角色；人物；字符,n. 性格；品质；特征；特点；角色；人物；字符,Unit 03 必考词,自我,char,char 雕刻|-acter 名词后缀,char是雕刻，-acter后缀，雕刻出来的东西→性格、品质、特征、特点，也指角色、人物，考研核心多义词。,characteristic|feature|trait|role,He is a man of good character, he is always honest and kind to others.,他是个品格高尚的人，总是对人诚实友善。
characterise,/ˈkærəktəraɪz/,v. 描述…的特征；刻画…的性格；以…为特征；具有…的特点,v. 描述…的特征；刻画…的性格；以…为特征；具有…的特点,Unit 03 必考词,抽象,char,char 雕刻|-acter|-ise 动词后缀,character的动词，描述…的特征、刻画…的性格、以…为特征，考研高频词。,character|describe|depict|feature,This kind of animal is characterised by its long neck and big ears.,这种动物的特点是长脖子和大耳朵。
characteristic,/ˌkærəktəˈrɪstɪk/,adj. 典型的；特有的；表示特性的 n. 特征；特点；特性；品质,adj. 典型的；特有的；表示特性的 n. 特征；特点；特性；品质,Unit 03 必考词,抽象,char,char 雕刻|-acter|-istic 形容词/名词后缀,character的形容词/名词，典型的、特有的，也指特征、特点、特性，考研核心多义词。,character|feature|trait|typical,One of the most important characteristics of a good leader is the ability to make decisions quickly.,一个好领导最重要的特点之一就是快速做决定的能力。
defend,/dɪˈfend/,v. 防御；保卫；保护；辩护；辩解,v. 防御；保卫；保护；辩护；辩解,Unit 03 必考词,社会,fend,de-加强|fend 打击|- 动词后缀,fend是打击，de加强，打击来犯者→防御、保卫、保护，也指辩护、辩解，考研核心词。,defense|protect|guard|justify,We need to defend our country against any possible attacks.,我们需要保卫我们的国家，抵御任何可能的攻击。
definition,/ˌdefɪˈnɪʃn/,n. 定义；释义；清晰度；明确性,n. 定义；释义；清晰度；明确性,Unit 03 必考词,抽象,fin,de-加强|fin 界限|-ition 名词后缀,fin是界限，de加强，确定界限→定义、释义，也指清晰度、明确性，考研高频词。,define|meaning|explanation|clarity,Can you give me a clear definition of this word?,你能给我这个词一个清晰的定义吗？
definite,/ˈdefɪnət/,adj. 明确的；确定的；肯定的；清晰的；限定的,adj. 明确的；确定的；肯定的；清晰的；限定的,Unit 03 必考词,抽象,fin,de-加强|fin 界限|-ite 形容词后缀,fin是界限，de加强，有明确界限的→明确的、确定的、肯定的，考研高频词。,definition|certain|fixed|clear,We need to set a definite date for our meeting next week.,我们需要为下周的会议确定一个明确的日期。
defy,/dɪˈfaɪ/,v. 违抗；反抗；蔑视；挑战；经受住,v. 违抗；反抗；蔑视；挑战；经受住,Unit 03 必考词,社会,fid,de-加强|fid 信任|- 动词后缀,fid是信任，de加强，不相信、不服从→违抗、反抗、蔑视、挑战，考研高频词。,defy|challenge|dare|resist,He defied his parents' wishes and chose to study art instead of medicine.,他违背了父母的意愿，选择了学习艺术而不是医学。
degree,/dɪˈɡriː/,n. 程度；等级；学位；度数；阶层,n. 程度；等级；学位；度数；阶层,Unit 03 必考词,抽象,grad,de-加强|grad 步|-ee 名词后缀,grad是步，de加强，一步步的等级→程度、等级、学位、度数，考研核心多义词。,level|grade|rank|extent,She has a master's degree in English literature from this university.,她拥有这所大学的英国文学硕士学位。
delay,/dɪˈleɪ/,v. 延迟；拖延；推迟；耽搁 n. 延迟；拖延；推迟；耽搁,v. 延迟；拖延；推迟；耽搁 n. 延迟；拖延；推迟；耽搁,Unit 03 必考词,抽象,lay,de-向下|lay 放|- 动词/名词后缀,lay是放，de向下，放下来不往前走→延迟、拖延、推迟，也指耽搁，考研核心多义词。,postpone|put off|hold up|wait,We decided to delay the meeting until next Friday because many people couldn't come this week.,因为很多人这周来不了，我们决定把会议推迟到下周五。
deliberate,/dɪˈlɪbərət/ adj. /dɪˈlɪbəreɪt/ v.,adj. 故意的；蓄意的；深思熟虑的；谨慎的 v. 仔细考虑；商议；研讨,adj. 故意的；蓄意的；深思熟虑的；谨慎的 v. 仔细考虑；商议；研讨,Unit 03 必考词,抽象,liber,de-加强|liber 平衡|-ate 形容词/动词后缀,liber是平衡，de加强，保持平衡的→深思熟虑的、谨慎的，也指故意的、蓄意的，还可作动词表仔细考虑、商议，考研核心多义词。,intentional|planned|careful|consider,He made a deliberate decision to quit his job and start his own business.,他深思熟虑后决定辞职，自己创业。
delicate,/ˈdelɪkət/,adj. 精美的；精致的；脆弱的；易碎的；微妙的；棘手的,adj. 精美的；精致的；脆弱的；易碎的；微妙的；棘手的,Unit 03 必考词,抽象,lic,de-加强|lic 吸引|-ate 形容词后缀,lic是吸引，de加强，非常吸引人的→精美的、精致的，也指脆弱的、易碎的、微妙的，考研高频词。,fine|exquisite|fragile|sensitive,She bought a very delicate vase for her mother's birthday.,她为妈妈的生日买了一个非常精致的花瓶。
deliver,/dɪˈlɪvər/,v. 递送；传送；交付；发表；宣布；接生；给予,v. 递送；传送；交付；发表；宣布；接生；给予,Unit 03 必考词,社会,liver,de-加强|liver 自由|- 动词后缀,liver是自由，de加强，使自由到达→递送、传送、交付，也指发表、宣布、接生，考研核心多义词。,delivery|send|transport|give,The postman delivers letters and packages to our house every day.,邮递员每天都给我们家送信和包裹。
delivery,/dɪˈlɪvəri/,n. 递送；传送；交付；分娩；演讲；表演,n. 递送；传送；交付；分娩；演讲；表演,Unit 03 必考词,社会,liver,de-加强|liver 自由|-ery 名词后缀,deliver的名词，递送、传送、交付、分娩，也指演讲、表演，考研高频词。,deliver|send|transport|childbirth,We offer free delivery for all orders over $100.,所有订单满100美元我们都提供免费配送。
fiction,/ˈfɪkʃn/,n. 小说；虚构的事；假想；杜撰,n. 小说；虚构的事；假想；杜撰,Unit 03 必考词,抽象,fict,fict 做|-ion 名词后缀,fict是做，-ion名词，做出来的故事→小说、虚构的事、假想，考研高频词。,novel|story|tale|fantasy,She likes reading fiction books in her free time, especially science fiction.,她空闲时间喜欢读小说，尤其是科幻小说。
field,/fiːld/,n. 田野；场地；领域；范围；专业；实地 adj. 实地的；现场的 v. 处理；应对；接球,n. 田野；场地；领域；范围；专业；实地 adj. 实地的；现场的 v. 处理；应对；接球,Unit 03 必考词,抽象,field,field 田野；领域,核心义为“田野、场地、领域、范围、专业”，也指实地的、处理、应对，考研核心多义词。,area|domain|branch|range,He is a famous expert in the field of artificial intelligence.,他是人工智能领域的著名专家。
fierce,/fɪrs/,adj. 凶猛的；凶狠的；激烈的；猛烈的；狂热的,adj. 凶猛的；凶狠的；激烈的；猛烈的；狂热的,Unit 03 必考词,情感,fierc,fierc 野|-e 形容词后缀,核心义为“凶猛的、凶狠的、激烈的、猛烈的”，考研高频词。,wild|violent|intense|passionate,The lion is a very fierce animal, it is the king of the forest.,狮子是一种非常凶猛的动物，是森林之王。
fight,/faɪt/,v. 打架；战斗；搏斗；争吵；反对；抗争 n. 打架；战斗；搏斗；争吵；斗争,v. 打架；战斗；搏斗；争吵；反对；抗争 n. 打架；战斗；搏斗；争吵；斗争,Unit 03 必考词,社会,fight,fight 打架；战斗,考研高频核心词，核心义为“打架、战斗、搏斗、争吵、反对、抗争”，过去式fought，过去分词fought。,battle|combat|struggle|argue,They fought against the enemy for three days and finally won the battle.,他们和敌人战斗了三天，最终赢得了这场战役。
figure,/ˈfɪɡjər/,n. 数字；数量；人物；身材；图形；画像 v. 计算；认为；估计；描绘；象征,n. 数字；数量；人物；身材；图形；画像 v. 计算；认为；估计；描绘；象征,Unit 03 必考词,抽象,fig,fig 做|-ure 名词/动词后缀,fig是做，-ure后缀，做出来的东西→数字、数量、人物、身材、图形，也指计算、认为、估计，考研核心多义词。,number|digit|person|calculate,She has a very good figure, she exercises every day to keep fit.,她的身材非常好，每天都锻炼保持健康。
finance,/ˈfaɪnæns/,n. 财政；金融；财务；资金 v. 为…提供资金；资助；理财,n. 财政；金融；财务；资金 v. 为…提供资金；资助；理财,Unit 03 必考词,社会,fin,fin 结束|-ance 名词/动词后缀,fin是结束，-ance后缀，结束债务的东西→财政、金融、财务、资金，也指为…提供资金、资助，考研核心多义词。,financial|money|fund|budget,He works in the finance department of a large company.,他在一家大公司的财务部工作。
financial,/faɪˈnænʃl/,adj. 财政的；金融的；财务的；资金的,adj. 财政的；金融的；财务的；资金的,Unit 03 必考词,社会,fin,fin 结束|-ancial 形容词后缀,finance的形容词，财政的、金融的、财务的、资金的，考研高频词。,finance|monetary|economic|budgetary,We need to improve our financial situation before we buy a new house.,我们需要在买新房子之前改善我们的财务状况。
finding,/ˈfaɪndɪŋ/,n. 发现；发现物；调查结果；研究结果 adj. 发现的；有发现的,n. 发现；发现物；调查结果；研究结果 adj. 发现的；有发现的,Unit 03 必考词,抽象,find,find 发现|-ing 名词/形容词后缀,find的名词，发现、发现物、调查结果、研究结果，考研高频词。,find|discovery|result|conclusion,One of the most important findings of the research is that this drug can cure the disease.,这项研究最重要的发现之一是这种药可以治愈这种疾病。
finite,/ˈfaɪnaɪt/,adj. 有限的；限定的；有尽的；有穷的,adj. 有限的；限定的；有尽的；有穷的,Unit 03 必考词,抽象,fin,fin 结束|-ite 形容词后缀,fin是结束，-ite后缀，有结束的→有限的、限定的、有尽的，考研高频词。,limited|restricted|bounded|definite,We have a finite amount of time to finish this project, we need to hurry up.,我们完成这个项目的时间有限，需要抓紧时间。
firm,/fɜːrm/,adj. 坚固的；结实的；坚定的；坚决的；稳固的 n. 公司；企业；事务所 v. 使坚固；使坚定；变稳固,adj. 坚固的；结实的；坚定的；坚决的；稳固的 n. 公司；企业；事务所 v. 使坚固；使坚定；变稳固,Unit 03 必考词,抽象,firm,firm 坚固；坚定,核心义为“坚固的、结实的、坚定的、坚决的”，也指公司、企业、事务所，还可作动词表使坚固、使坚定，考研核心多义词。,solid|hard|steadfast|company,This table is very firm, it can hold a lot of weight.,这张桌子非常结实，能承受很大的重量。
first,/fɜːrst/,adj. 第一的；最初的；最早的；首要的 adv. 第一；首先；最初；首次 n. 第一；第一个；首次,adj. 第一的；最初的；最早的；首要的 adv. 第一；首先；最初；首次 n. 第一；第一个；首次,Unit 03 必考词,抽象,first,first 第一；首先,考研高频核心词，核心义为“第一的、最初的、最早的、首要的”，也可作副词表第一、首先，还可作名词表第一、第一个。,primary|initial|earliest|foremost,He was the first person to arrive at the meeting this morning.,他是今天早上第一个到会场的人。
fit,/fɪt/,adj. 适合的；合适的；健康的；强健的；恰当的 v. 适合；合适；合身；安装；使适应 n. 适合；合身；发作,adj. 适合的；合适的；健康的；强健的；恰当的 v. 适合；合适；合身；安装；使适应 n. 适合；合身；发作,Unit 03 必考词,自我,fit,fit 适合；合适,核心义为“适合的、合适的、健康的、强健的”，也指适合、合适、合身、安装，还可作名词表适合、合身，考研核心多义词。,suit|fitness|healthy|adapt,This dress fits you very well, it looks very beautiful on you.,这条裙子非常适合你，你穿起来很漂亮。
global,/ˈɡloʊbl/,adj. 全球的；全世界的；整体的；全面的；球形的,adj. 全球的；全世界的；整体的；全面的；球形的,Unit 03 必考词,抽象,globe,globe 地球|-al 形容词后缀,globe的形容词，全球的、全世界的、整体的、全面的，考研高频词。,globe|worldwide|international|universal,Climate change is a global problem that needs to be solved by all countries together.,气候变化是一个需要所有国家共同解决的全球性问题。
globe,/ɡloʊb/,n. 地球；世界；地球仪；球体；球状物,n. 地球；世界；地球仪；球体；球状物,Unit 03 必考词,抽象,globe,globe 地球；球体,核心义为“地球、世界、地球仪、球体”，考研高频词。,global|earth|world|sphere,We have a globe in our classroom, we can see all the countries on it.,我们教室里有一个地球仪，我们可以在上面看到所有的国家。
abandon,/əˈbændən/,v. 抛弃；遗弃；放弃；中止；放纵 n. 放纵；放任,v. 抛弃；遗弃；放弃；中止；放纵 n. 放纵；放任,Unit 04 必考词,社会,band,ab-加强|band 命令|-on 动词/名词后缀,band是命令，ab加强，脱离命令→抛弃、遗弃、放弃，也指放纵、放任，考研核心词。,abandonment|desert|forsake|discard,The cruel man abandoned his wife and children and left home forever.,这个狠心的男人抛弃了妻子和孩子，永远离开了家。
abide,/əˈbaɪd/,v. 遵守；遵循；忍受；容忍；停留,v. 遵守；遵循；忍受；容忍；停留,Unit 04 必考词,社会,bide,ab-加强|bide 停留|- 动词后缀,bide是停留，ab加强，停留在规则内→遵守、遵循，也指忍受、容忍，考研高频词。,abide by|obey|comply|tolerate,Everyone must abide by the traffic rules when driving on the road.,每个人在路上开车都必须遵守交通规则。
able,/ˈeɪbl/,adj. 能够的；有能力的；能干的；有才华的,adj. 能够的；有能力的；能干的；有才华的,Unit 04 必考词,自我,able,able 能够；有能力的,考研高频核心词，核心义为“能够的、有能力的、能干的”，搭配be able to do sth。,ability|capable|competent|skilled,She is able to speak three foreign languages fluently.,她能流利地说三门外语。
abnormal,/æbˈnɔːrml/,adj. 反常的；异常的；变态的；不规则的,adj. 反常的；异常的；变态的；不规则的,Unit 04 必考词,抽象,norm,ab-相反|norm 正常|-al 形容词后缀,norm是正常，ab相反，不正常的→反常的、异常的、变态的，考研高频词。,normal|unusual|irregular|odd,The test results showed abnormal values, we need to do more tests.,测试结果显示数值异常，我们需要做更多的测试。
aboard,/əˈbɔːrd/,adv. 在船上；在飞机上；在火车上；在公共交通工具上 prep. 在…上；上（船、飞机、火车等）,adv. 在船上；在飞机上；在火车上；在公共交通工具上 prep. 在…上；上（船、飞机、火车等）,Unit 04 必考词,抽象,board,a-在|board 板|- 副词/介词,board是板，a在，在板上→在船上、在飞机上、在火车上，也可作介词表在…上、上（交通工具），考研高频词。,on board|on the ship/plane/train|embark,We went aboard the plane at 8 o'clock in the morning.,我们早上8点登上了飞机。
background,/ˈbækɡraʊnd/,n. 背景；底色；背景资料；经历；出身 adj. 背景的；幕后的,n. 背景；底色；背景资料；经历；出身 adj. 背景的；幕后的,Unit 04 必考词,抽象,back,back 后面|ground 地面,核心义为“背景、底色、背景资料、经历、出身”，也指背景的、幕后的，考研高频词。,backdrop|setting|history|experience,She has a very strong academic background, she has studied in three famous universities.,她有非常强的学术背景，曾在三所著名大学学习。
balance,/ˈbæləns/,n. 平衡；均衡；天平；秤；结余；余额 v. 使平衡；使均衡；权衡；考虑；结算,n. 平衡；均衡；天平；秤；结余；余额 v. 使平衡；使均衡；权衡；考虑；结算,Unit 04 必考词,抽象,bal,bal 平衡|-ance 名词/动词后缀,bal是平衡，-ance后缀，平衡的状态→平衡、均衡、天平、秤，也指使平衡、使均衡、权衡，考研核心多义词。,equilibrium|stability|weigh|consider,You need to balance the advantages and disadvantages before you make a decision.,你在做决定之前需要权衡利弊。
base,/beɪs/,n. 基础；底部；基地；总部；基数 adj. 卑鄙的；低劣的；基础的；基本的 v. 以…为基础；基于；把…建立在,n. 基础；底部；基地；总部；基数 adj. 卑鄙的；低劣的；基础的；基本的 v. 以…为基础；基于；把…建立在,Unit 04 必考词,抽象,base,base 基础；底部,核心义为“基础、底部、基地、总部、基数”，也指基础的、基本的，还可作动词表以…为基础、基于，考研核心多义词。,basis|bottom|foundation|establish,We should base our conclusion on the facts we have collected.,我们的结论应该基于我们收集到的事实。
basement,/ˈbeɪsmənt/,n. 地下室；地窖；底层,n. 地下室；地窖；底层,Unit 04 必考词,抽象,base,base 底部|-ment 名词后缀,base的名词，底部的房间→地下室、地窖、底层，考研高频词。,base|cellar|underground|ground floor,We store our old furniture in the basement of our house.,我们把旧家具存放在房子的地下室里。
basic,/ˈbeɪsɪk/,adj. 基本的；基础的；根本的；初级的；最简单的 n. 基础；基本原理；基本原则,adj. 基本的；基础的；根本的；初级的；最简单的 n. 基础；基本原理；基本原则,Unit 04 必考词,抽象,base,base 基础|-ic 形容词/名词后缀,base的形容词，基本的、基础的、根本的、初级的，也指基础、基本原理，考研核心多义词。,base|fundamental|elementary|primary,We need to learn the basic rules of English grammar first before we learn more complex things.,在学习更复杂的内容之前，我们需要先学习英语语法的基本规则。
